{
  "version": 1,
  "rules": {
    "855856537::XBC": {
      "mode": "custom",
      "dropoffOnlyFrom": [
        "XRF",
        "XMT",
        "PGF"
      ],
      "pickupOnlyTo": [
        "ALE",
        "STB"
      ]
    },
    "855856537::ACX": {
      "mode": "custom",
      "dropoffOnlyFrom": [
        "XRF",
        "XMT",
        "PGF"
      ],
      "pickupOnlyTo": [
        "ALE",
        "STB"
      ]
    },
    "855856537::ACW": {
      "mode": "custom",
      "dropoffOnlyFrom": [
        "XRF",
        "XMT",
        "PGF"
      ],
      "pickupOnlyTo": [
        "ALE",
        "STB"
      ]
    },
    "855856537::MDS": {
      "mode": "custom",
      "dropoffOnlyFrom": [
        "XRF",
        "XMT",
        "PGF"
      ],
      "pickupOnlyTo": [
        "ALE",
        "STB"
      ]
    },
    "855856537::ACC": {
      "mode": "custom",
      "dropoffOnlyFrom": [
        "XRF",
        "XMT",
        "PGF"
      ],
      "pickupOnlyTo": [
        "STB",
        "ALE"
      ]
    }
  }
}